"trial";"block";"subblock";"dependence";"pertur_strength";"reward_upper";"reward_lower";"pert_direct";"training";"preview";"last_change"
"1";"0";"1";"1";"1.375";"30";"70";"0";"1";"long";"1"
"2";"0";"1";"1";"1.375";"70";"30";"0";"1";"long";"1"
"3";"0";"1";"1";"1.375";"30";"70";"0";"1";"long";"1"
"4";"0";"1";"1";"1.375";"70";"30";"0";"1";"long";"1"
"5";"0";"1";"1";"1.375";"30";"70";"0";"1";"long";"1"
"6";"0";"1";"1";"1.375";"70";"30";"0";"1";"long";"1"
"7";"0";"1";"1";"1.375";"30";"70";"0";"1";"long";"0"
"8";"0";"1";"1";"1.375";"70";"30";"0";"1";"long";"0"
"9";"0";"1";"1";"1.375";"30";"70";"0";"1";"long";"0"
"10";"0";"1";"1";"1.375";"70";"30";"0";"1";"long";"0"
"11";"0";"1";"1";"1.375";"30";"70";"0";"1";"long";"0"
"12";"0";"1";"1";"1.375";"70";"30";"0";"1";"long";"0"
"13";"0";"1";"1";"1.375";"30";"70";"1";"1";"long";"0"
"14";"0";"1";"1";"1.375";"70";"30";"1";"1";"long";"0"
"15";"0";"1";"1";"1.375";"30";"70";"1";"1";"long";"0"
"16";"0";"1";"1";"1.375";"70";"30";"1";"1";"long";"0"
"17";"0";"1";"1";"1.375";"30";"70";"1";"1";"long";"0"
"18";"0";"1";"1";"1.375";"70";"30";"1";"1";"long";"0"
"19";"0";"1";"1";"1.375";"30";"70";"1";"1";"long";"0"
"20";"0";"1";"1";"1.375";"70";"30";"1";"1";"long";"0"
"21";"0";"1";"1";"1.375";"30";"70";"1";"1";"long";"0"
"22";"0";"1";"1";"1.375";"70";"30";"1";"1";"long";"0"
"23";"0";"1";"1";"1.375";"30";"70";"1";"1";"long";"0"
"24";"0";"1";"1";"1.375";"70";"30";"1";"1";"long";"0"
"1";"0";"2";"-1";"1.375";"30";"70";"0";"1";"long";"1"
"2";"0";"2";"-1";"1.375";"70";"30";"0";"1";"long";"1"
"3";"0";"2";"-1";"1.375";"30";"70";"0";"1";"long";"1"
"4";"0";"2";"-1";"1.375";"70";"30";"0";"1";"long";"1"
"5";"0";"2";"-1";"1.375";"30";"70";"0";"1";"long";"1"
"6";"0";"2";"-1";"1.375";"70";"30";"0";"1";"long";"1"
"7";"0";"2";"-1";"1.375";"30";"70";"0";"1";"long";"0"
"8";"0";"2";"-1";"1.375";"70";"30";"0";"1";"long";"0"
"9";"0";"2";"-1";"1.375";"30";"70";"0";"1";"long";"0"
"10";"0";"2";"-1";"1.375";"70";"30";"0";"1";"long";"0"
"11";"0";"2";"-1";"1.375";"30";"70";"0";"1";"long";"0"
"12";"0";"2";"-1";"1.375";"70";"30";"0";"1";"long";"0"
"13";"0";"2";"-1";"1.375";"30";"70";"1";"1";"long";"0"
"14";"0";"2";"-1";"1.375";"70";"30";"1";"1";"long";"0"
"15";"0";"2";"-1";"1.375";"30";"70";"1";"1";"long";"0"
"16";"0";"2";"-1";"1.375";"70";"30";"1";"1";"long";"0"
"17";"0";"2";"-1";"1.375";"30";"70";"1";"1";"long";"0"
"18";"0";"2";"-1";"1.375";"70";"30";"1";"1";"long";"0"
"19";"0";"2";"-1";"1.375";"30";"70";"1";"1";"long";"0"
"20";"0";"2";"-1";"1.375";"70";"30";"1";"1";"long";"0"
"21";"0";"2";"-1";"1.375";"30";"70";"1";"1";"long";"0"
"22";"0";"2";"-1";"1.375";"70";"30";"1";"1";"long";"0"
"23";"0";"2";"-1";"1.375";"30";"70";"1";"1";"long";"0"
"24";"0";"2";"-1";"1.375";"70";"30";"1";"1";"long";"0"
"1";"0";"3";"1";"1.375";"30";"70";"0";"1";"short";"1"
"2";"0";"3";"1";"1.375";"70";"30";"0";"1";"short";"1"
"3";"0";"3";"1";"1.375";"30";"70";"0";"1";"short";"1"
"4";"0";"3";"1";"1.375";"70";"30";"0";"1";"short";"1"
"5";"0";"3";"1";"1.375";"30";"70";"0";"1";"short";"1"
"6";"0";"3";"1";"1.375";"70";"30";"0";"1";"short";"1"
"7";"0";"3";"1";"1.375";"30";"70";"0";"1";"short";"0"
"8";"0";"3";"1";"1.375";"70";"30";"0";"1";"short";"0"
"9";"0";"3";"1";"1.375";"30";"70";"0";"1";"short";"0"
"10";"0";"3";"1";"1.375";"70";"30";"0";"1";"short";"0"
"11";"0";"3";"1";"1.375";"30";"70";"0";"1";"short";"0"
"12";"0";"3";"1";"1.375";"70";"30";"0";"1";"short";"0"
"13";"0";"3";"1";"1.375";"30";"70";"1";"1";"short";"0"
"14";"0";"3";"1";"1.375";"70";"30";"1";"1";"short";"0"
"15";"0";"3";"1";"1.375";"30";"70";"1";"1";"short";"0"
"16";"0";"3";"1";"1.375";"70";"30";"1";"1";"short";"0"
"17";"0";"3";"1";"1.375";"30";"70";"1";"1";"short";"0"
"18";"0";"3";"1";"1.375";"70";"30";"1";"1";"short";"0"
"19";"0";"3";"1";"1.375";"30";"70";"1";"1";"short";"0"
"20";"0";"3";"1";"1.375";"70";"30";"1";"1";"short";"0"
"21";"0";"3";"1";"1.375";"30";"70";"1";"1";"short";"0"
"22";"0";"3";"1";"1.375";"70";"30";"1";"1";"short";"0"
"23";"0";"3";"1";"1.375";"30";"70";"1";"1";"short";"0"
"24";"0";"3";"1";"1.375";"70";"30";"1";"1";"short";"0"
"1";"0";"4";"-1";"1.375";"30";"70";"0";"1";"short";"1"
"2";"0";"4";"-1";"1.375";"70";"30";"0";"1";"short";"1"
"3";"0";"4";"-1";"1.375";"30";"70";"0";"1";"short";"1"
"4";"0";"4";"-1";"1.375";"70";"30";"0";"1";"short";"1"
"5";"0";"4";"-1";"1.375";"30";"70";"0";"1";"short";"1"
"6";"0";"4";"-1";"1.375";"70";"30";"0";"1";"short";"1"
"7";"0";"4";"-1";"1.375";"30";"70";"0";"1";"short";"0"
"8";"0";"4";"-1";"1.375";"70";"30";"0";"1";"short";"0"
"9";"0";"4";"-1";"1.375";"30";"70";"0";"1";"short";"0"
"10";"0";"4";"-1";"1.375";"70";"30";"0";"1";"short";"0"
"11";"0";"4";"-1";"1.375";"30";"70";"0";"1";"short";"0"
"12";"0";"4";"-1";"1.375";"70";"30";"0";"1";"short";"0"
"13";"0";"4";"-1";"1.375";"30";"70";"1";"1";"short";"0"
"14";"0";"4";"-1";"1.375";"70";"30";"1";"1";"short";"0"
"15";"0";"4";"-1";"1.375";"30";"70";"1";"1";"short";"0"
"16";"0";"4";"-1";"1.375";"70";"30";"1";"1";"short";"0"
"17";"0";"4";"-1";"1.375";"30";"70";"1";"1";"short";"0"
"18";"0";"4";"-1";"1.375";"70";"30";"1";"1";"short";"0"
"19";"0";"4";"-1";"1.375";"30";"70";"1";"1";"short";"0"
"20";"0";"4";"-1";"1.375";"70";"30";"1";"1";"short";"0"
"21";"0";"4";"-1";"1.375";"30";"70";"1";"1";"short";"0"
"22";"0";"4";"-1";"1.375";"70";"30";"1";"1";"short";"0"
"23";"0";"4";"-1";"1.375";"30";"70";"1";"1";"short";"0"
"24";"0";"4";"-1";"1.375";"70";"30";"1";"1";"short";"0"
"1";"1";"1";"1";"1.375";"30";"70";"0";"0";"long";"1"
"2";"1";"1";"1";"1.375";"70";"30";"0";"0";"long";"1"
"3";"1";"1";"1";"1.375";"30";"70";"0";"0";"long";"1"
"4";"1";"1";"1";"1.375";"70";"30";"0";"0";"long";"1"
"5";"1";"1";"1";"1.375";"30";"70";"0";"0";"long";"1"
"6";"1";"1";"1";"1.375";"70";"30";"0";"0";"long";"1"
"7";"1";"1";"1";"1.375";"30";"70";"0";"0";"long";"1"
"8";"1";"1";"1";"1.375";"70";"30";"0";"0";"long";"1"
"9";"1";"1";"1";"1.375";"30";"70";"0";"0";"long";"1"
"10";"1";"1";"1";"1.375";"70";"30";"0";"0";"long";"1"
"11";"1";"1";"1";"1.375";"30";"70";"1";"0";"long";"1"
"12";"1";"1";"1";"1.375";"70";"30";"1";"0";"long";"1"
"13";"1";"1";"1";"1.375";"30";"70";"1";"0";"long";"1"
"14";"1";"1";"1";"1.375";"70";"30";"1";"0";"long";"1"
"15";"1";"1";"1";"1.375";"30";"70";"1";"0";"long";"1"
"16";"1";"1";"1";"1.375";"70";"30";"1";"0";"long";"1"
"17";"1";"1";"1";"1.375";"30";"70";"1";"0";"long";"1"
"18";"1";"1";"1";"1.375";"70";"30";"1";"0";"long";"1"
"19";"1";"1";"1";"1.375";"30";"70";"1";"0";"long";"1"
"20";"1";"1";"1";"1.375";"70";"30";"1";"0";"long";"1"
"21";"1";"1";"1";"1.375";"30";"70";"0";"0";"long";"0"
"22";"1";"1";"1";"1.375";"70";"30";"0";"0";"long";"0"
"23";"1";"1";"1";"1.375";"30";"70";"0";"0";"long";"0"
"24";"1";"1";"1";"1.375";"70";"30";"0";"0";"long";"0"
"25";"1";"1";"1";"1.375";"30";"70";"0";"0";"long";"0"
"26";"1";"1";"1";"1.375";"70";"30";"0";"0";"long";"0"
"27";"1";"1";"1";"1.375";"30";"70";"0";"0";"long";"0"
"28";"1";"1";"1";"1.375";"70";"30";"0";"0";"long";"0"
"29";"1";"1";"1";"1.375";"30";"70";"0";"0";"long";"0"
"30";"1";"1";"1";"1.375";"70";"30";"0";"0";"long";"0"
"31";"1";"1";"1";"1.375";"30";"70";"1";"0";"long";"0"
"32";"1";"1";"1";"1.375";"70";"30";"1";"0";"long";"0"
"33";"1";"1";"1";"1.375";"30";"70";"1";"0";"long";"0"
"34";"1";"1";"1";"1.375";"70";"30";"1";"0";"long";"0"
"35";"1";"1";"1";"1.375";"30";"70";"1";"0";"long";"0"
"36";"1";"1";"1";"1.375";"70";"30";"1";"0";"long";"0"
"37";"1";"1";"1";"1.375";"30";"70";"1";"0";"long";"0"
"38";"1";"1";"1";"1.375";"70";"30";"1";"0";"long";"0"
"39";"1";"1";"1";"1.375";"30";"70";"1";"0";"long";"0"
"40";"1";"1";"1";"1.375";"70";"30";"1";"0";"long";"0"
"41";"1";"1";"1";"1.375";"30";"70";"0";"0";"long";"0"
"42";"1";"1";"1";"1.375";"70";"30";"0";"0";"long";"0"
"43";"1";"1";"1";"1.375";"30";"70";"0";"0";"long";"0"
"44";"1";"1";"1";"1.375";"70";"30";"0";"0";"long";"0"
"45";"1";"1";"1";"1.375";"30";"70";"0";"0";"long";"0"
"46";"1";"1";"1";"1.375";"70";"30";"0";"0";"long";"0"
"47";"1";"1";"1";"1.375";"30";"70";"0";"0";"long";"0"
"48";"1";"1";"1";"1.375";"70";"30";"0";"0";"long";"0"
"49";"1";"1";"1";"1.375";"30";"70";"0";"0";"long";"0"
"50";"1";"1";"1";"1.375";"70";"30";"0";"0";"long";"0"
"51";"1";"1";"1";"1.375";"30";"70";"1";"0";"long";"0"
"52";"1";"1";"1";"1.375";"70";"30";"1";"0";"long";"0"
"53";"1";"1";"1";"1.375";"30";"70";"1";"0";"long";"0"
"54";"1";"1";"1";"1.375";"70";"30";"1";"0";"long";"0"
"55";"1";"1";"1";"1.375";"30";"70";"1";"0";"long";"0"
"56";"1";"1";"1";"1.375";"70";"30";"1";"0";"long";"0"
"57";"1";"1";"1";"1.375";"30";"70";"1";"0";"long";"0"
"58";"1";"1";"1";"1.375";"70";"30";"1";"0";"long";"0"
"59";"1";"1";"1";"1.375";"30";"70";"1";"0";"long";"0"
"60";"1";"1";"1";"1.375";"70";"30";"1";"0";"long";"0"
"61";"1";"1";"1";"1.375";"30";"70";"0";"0";"long";"0"
"62";"1";"1";"1";"1.375";"70";"30";"0";"0";"long";"0"
"63";"1";"1";"1";"1.375";"30";"70";"0";"0";"long";"0"
"64";"1";"1";"1";"1.375";"70";"30";"0";"0";"long";"0"
"65";"1";"1";"1";"1.375";"30";"70";"0";"0";"long";"0"
"66";"1";"1";"1";"1.375";"70";"30";"0";"0";"long";"0"
"67";"1";"1";"1";"1.375";"30";"70";"0";"0";"long";"0"
"68";"1";"1";"1";"1.375";"70";"30";"0";"0";"long";"0"
"69";"1";"1";"1";"1.375";"30";"70";"0";"0";"long";"0"
"70";"1";"1";"1";"1.375";"70";"30";"0";"0";"long";"0"
"71";"1";"1";"1";"1.375";"30";"70";"1";"0";"long";"0"
"72";"1";"1";"1";"1.375";"70";"30";"1";"0";"long";"0"
"73";"1";"1";"1";"1.375";"30";"70";"1";"0";"long";"0"
"74";"1";"1";"1";"1.375";"70";"30";"1";"0";"long";"0"
"75";"1";"1";"1";"1.375";"30";"70";"1";"0";"long";"0"
"76";"1";"1";"1";"1.375";"70";"30";"1";"0";"long";"0"
"77";"1";"1";"1";"1.375";"30";"70";"1";"0";"long";"0"
"78";"1";"1";"1";"1.375";"70";"30";"1";"0";"long";"0"
"79";"1";"1";"1";"1.375";"30";"70";"1";"0";"long";"0"
"80";"1";"1";"1";"1.375";"70";"30";"1";"0";"long";"0"
"1";"1";"2";"1";"1.375";"30";"70";"0";"0";"short";"1"
"2";"1";"2";"1";"1.375";"70";"30";"0";"0";"short";"1"
"3";"1";"2";"1";"1.375";"30";"70";"0";"0";"short";"1"
"4";"1";"2";"1";"1.375";"70";"30";"0";"0";"short";"1"
"5";"1";"2";"1";"1.375";"30";"70";"0";"0";"short";"1"
"6";"1";"2";"1";"1.375";"70";"30";"0";"0";"short";"1"
"7";"1";"2";"1";"1.375";"30";"70";"0";"0";"short";"1"
"8";"1";"2";"1";"1.375";"70";"30";"0";"0";"short";"1"
"9";"1";"2";"1";"1.375";"30";"70";"0";"0";"short";"1"
"10";"1";"2";"1";"1.375";"70";"30";"0";"0";"short";"1"
"11";"1";"2";"1";"1.375";"30";"70";"1";"0";"short";"1"
"12";"1";"2";"1";"1.375";"70";"30";"1";"0";"short";"1"
"13";"1";"2";"1";"1.375";"30";"70";"1";"0";"short";"1"
"14";"1";"2";"1";"1.375";"70";"30";"1";"0";"short";"1"
"15";"1";"2";"1";"1.375";"30";"70";"1";"0";"short";"1"
"16";"1";"2";"1";"1.375";"70";"30";"1";"0";"short";"1"
"17";"1";"2";"1";"1.375";"30";"70";"1";"0";"short";"1"
"18";"1";"2";"1";"1.375";"70";"30";"1";"0";"short";"1"
"19";"1";"2";"1";"1.375";"30";"70";"1";"0";"short";"1"
"20";"1";"2";"1";"1.375";"70";"30";"1";"0";"short";"1"
"21";"1";"2";"1";"1.375";"30";"70";"0";"0";"short";"0"
"22";"1";"2";"1";"1.375";"70";"30";"0";"0";"short";"0"
"23";"1";"2";"1";"1.375";"30";"70";"0";"0";"short";"0"
"24";"1";"2";"1";"1.375";"70";"30";"0";"0";"short";"0"
"25";"1";"2";"1";"1.375";"30";"70";"0";"0";"short";"0"
"26";"1";"2";"1";"1.375";"70";"30";"0";"0";"short";"0"
"27";"1";"2";"1";"1.375";"30";"70";"0";"0";"short";"0"
"28";"1";"2";"1";"1.375";"70";"30";"0";"0";"short";"0"
"29";"1";"2";"1";"1.375";"30";"70";"0";"0";"short";"0"
"30";"1";"2";"1";"1.375";"70";"30";"0";"0";"short";"0"
"31";"1";"2";"1";"1.375";"30";"70";"1";"0";"short";"0"
"32";"1";"2";"1";"1.375";"70";"30";"1";"0";"short";"0"
"33";"1";"2";"1";"1.375";"30";"70";"1";"0";"short";"0"
"34";"1";"2";"1";"1.375";"70";"30";"1";"0";"short";"0"
"35";"1";"2";"1";"1.375";"30";"70";"1";"0";"short";"0"
"36";"1";"2";"1";"1.375";"70";"30";"1";"0";"short";"0"
"37";"1";"2";"1";"1.375";"30";"70";"1";"0";"short";"0"
"38";"1";"2";"1";"1.375";"70";"30";"1";"0";"short";"0"
"39";"1";"2";"1";"1.375";"30";"70";"1";"0";"short";"0"
"40";"1";"2";"1";"1.375";"70";"30";"1";"0";"short";"0"
"41";"1";"2";"1";"1.375";"30";"70";"0";"0";"short";"0"
"42";"1";"2";"1";"1.375";"70";"30";"0";"0";"short";"0"
"43";"1";"2";"1";"1.375";"30";"70";"0";"0";"short";"0"
"44";"1";"2";"1";"1.375";"70";"30";"0";"0";"short";"0"
"45";"1";"2";"1";"1.375";"30";"70";"0";"0";"short";"0"
"46";"1";"2";"1";"1.375";"70";"30";"0";"0";"short";"0"
"47";"1";"2";"1";"1.375";"30";"70";"0";"0";"short";"0"
"48";"1";"2";"1";"1.375";"70";"30";"0";"0";"short";"0"
"49";"1";"2";"1";"1.375";"30";"70";"0";"0";"short";"0"
"50";"1";"2";"1";"1.375";"70";"30";"0";"0";"short";"0"
"51";"1";"2";"1";"1.375";"30";"70";"1";"0";"short";"0"
"52";"1";"2";"1";"1.375";"70";"30";"1";"0";"short";"0"
"53";"1";"2";"1";"1.375";"30";"70";"1";"0";"short";"0"
"54";"1";"2";"1";"1.375";"70";"30";"1";"0";"short";"0"
"55";"1";"2";"1";"1.375";"30";"70";"1";"0";"short";"0"
"56";"1";"2";"1";"1.375";"70";"30";"1";"0";"short";"0"
"57";"1";"2";"1";"1.375";"30";"70";"1";"0";"short";"0"
"58";"1";"2";"1";"1.375";"70";"30";"1";"0";"short";"0"
"59";"1";"2";"1";"1.375";"30";"70";"1";"0";"short";"0"
"60";"1";"2";"1";"1.375";"70";"30";"1";"0";"short";"0"
"61";"1";"2";"1";"1.375";"30";"70";"0";"0";"short";"0"
"62";"1";"2";"1";"1.375";"70";"30";"0";"0";"short";"0"
"63";"1";"2";"1";"1.375";"30";"70";"0";"0";"short";"0"
"64";"1";"2";"1";"1.375";"70";"30";"0";"0";"short";"0"
"65";"1";"2";"1";"1.375";"30";"70";"0";"0";"short";"0"
"66";"1";"2";"1";"1.375";"70";"30";"0";"0";"short";"0"
"67";"1";"2";"1";"1.375";"30";"70";"0";"0";"short";"0"
"68";"1";"2";"1";"1.375";"70";"30";"0";"0";"short";"0"
"69";"1";"2";"1";"1.375";"30";"70";"0";"0";"short";"0"
"70";"1";"2";"1";"1.375";"70";"30";"0";"0";"short";"0"
"71";"1";"2";"1";"1.375";"30";"70";"1";"0";"short";"0"
"72";"1";"2";"1";"1.375";"70";"30";"1";"0";"short";"0"
"73";"1";"2";"1";"1.375";"30";"70";"1";"0";"short";"0"
"74";"1";"2";"1";"1.375";"70";"30";"1";"0";"short";"0"
"75";"1";"2";"1";"1.375";"30";"70";"1";"0";"short";"0"
"76";"1";"2";"1";"1.375";"70";"30";"1";"0";"short";"0"
"77";"1";"2";"1";"1.375";"30";"70";"1";"0";"short";"0"
"78";"1";"2";"1";"1.375";"70";"30";"1";"0";"short";"0"
"79";"1";"2";"1";"1.375";"30";"70";"1";"0";"short";"0"
"80";"1";"2";"1";"1.375";"70";"30";"1";"0";"short";"0"
"1";"2";"1";"1";"1.375";"30";"70";"0";"0";"long";"1"
"2";"2";"1";"1";"1.375";"70";"30";"0";"0";"long";"1"
"3";"2";"1";"1";"1.375";"30";"70";"0";"0";"long";"1"
"4";"2";"1";"1";"1.375";"70";"30";"0";"0";"long";"1"
"5";"2";"1";"1";"1.375";"30";"70";"0";"0";"long";"1"
"6";"2";"1";"1";"1.375";"70";"30";"0";"0";"long";"1"
"7";"2";"1";"1";"1.375";"30";"70";"0";"0";"long";"1"
"8";"2";"1";"1";"1.375";"70";"30";"0";"0";"long";"1"
"9";"2";"1";"1";"1.375";"30";"70";"0";"0";"long";"1"
"10";"2";"1";"1";"1.375";"70";"30";"0";"0";"long";"1"
"11";"2";"1";"1";"1.375";"30";"70";"1";"0";"long";"1"
"12";"2";"1";"1";"1.375";"70";"30";"1";"0";"long";"1"
"13";"2";"1";"1";"1.375";"30";"70";"1";"0";"long";"1"
"14";"2";"1";"1";"1.375";"70";"30";"1";"0";"long";"1"
"15";"2";"1";"1";"1.375";"30";"70";"1";"0";"long";"1"
"16";"2";"1";"1";"1.375";"70";"30";"1";"0";"long";"1"
"17";"2";"1";"1";"1.375";"30";"70";"1";"0";"long";"1"
"18";"2";"1";"1";"1.375";"70";"30";"1";"0";"long";"1"
"19";"2";"1";"1";"1.375";"30";"70";"1";"0";"long";"1"
"20";"2";"1";"1";"1.375";"70";"30";"1";"0";"long";"1"
"21";"2";"1";"1";"1.375";"30";"70";"0";"0";"long";"0"
"22";"2";"1";"1";"1.375";"70";"30";"0";"0";"long";"0"
"23";"2";"1";"1";"1.375";"30";"70";"0";"0";"long";"0"
"24";"2";"1";"1";"1.375";"70";"30";"0";"0";"long";"0"
"25";"2";"1";"1";"1.375";"30";"70";"0";"0";"long";"0"
"26";"2";"1";"1";"1.375";"70";"30";"0";"0";"long";"0"
"27";"2";"1";"1";"1.375";"30";"70";"0";"0";"long";"0"
"28";"2";"1";"1";"1.375";"70";"30";"0";"0";"long";"0"
"29";"2";"1";"1";"1.375";"30";"70";"0";"0";"long";"0"
"30";"2";"1";"1";"1.375";"70";"30";"0";"0";"long";"0"
"31";"2";"1";"1";"1.375";"30";"70";"1";"0";"long";"0"
"32";"2";"1";"1";"1.375";"70";"30";"1";"0";"long";"0"
"33";"2";"1";"1";"1.375";"30";"70";"1";"0";"long";"0"
"34";"2";"1";"1";"1.375";"70";"30";"1";"0";"long";"0"
"35";"2";"1";"1";"1.375";"30";"70";"1";"0";"long";"0"
"36";"2";"1";"1";"1.375";"70";"30";"1";"0";"long";"0"
"37";"2";"1";"1";"1.375";"30";"70";"1";"0";"long";"0"
"38";"2";"1";"1";"1.375";"70";"30";"1";"0";"long";"0"
"39";"2";"1";"1";"1.375";"30";"70";"1";"0";"long";"0"
"40";"2";"1";"1";"1.375";"70";"30";"1";"0";"long";"0"
"41";"2";"1";"1";"1.375";"30";"70";"0";"0";"long";"0"
"42";"2";"1";"1";"1.375";"70";"30";"0";"0";"long";"0"
"43";"2";"1";"1";"1.375";"30";"70";"0";"0";"long";"0"
"44";"2";"1";"1";"1.375";"70";"30";"0";"0";"long";"0"
"45";"2";"1";"1";"1.375";"30";"70";"0";"0";"long";"0"
"46";"2";"1";"1";"1.375";"70";"30";"0";"0";"long";"0"
"47";"2";"1";"1";"1.375";"30";"70";"0";"0";"long";"0"
"48";"2";"1";"1";"1.375";"70";"30";"0";"0";"long";"0"
"49";"2";"1";"1";"1.375";"30";"70";"0";"0";"long";"0"
"50";"2";"1";"1";"1.375";"70";"30";"0";"0";"long";"0"
"51";"2";"1";"1";"1.375";"30";"70";"1";"0";"long";"0"
"52";"2";"1";"1";"1.375";"70";"30";"1";"0";"long";"0"
"53";"2";"1";"1";"1.375";"30";"70";"1";"0";"long";"0"
"54";"2";"1";"1";"1.375";"70";"30";"1";"0";"long";"0"
"55";"2";"1";"1";"1.375";"30";"70";"1";"0";"long";"0"
"56";"2";"1";"1";"1.375";"70";"30";"1";"0";"long";"0"
"57";"2";"1";"1";"1.375";"30";"70";"1";"0";"long";"0"
"58";"2";"1";"1";"1.375";"70";"30";"1";"0";"long";"0"
"59";"2";"1";"1";"1.375";"30";"70";"1";"0";"long";"0"
"60";"2";"1";"1";"1.375";"70";"30";"1";"0";"long";"0"
"61";"2";"1";"1";"1.375";"30";"70";"0";"0";"long";"0"
"62";"2";"1";"1";"1.375";"70";"30";"0";"0";"long";"0"
"63";"2";"1";"1";"1.375";"30";"70";"0";"0";"long";"0"
"64";"2";"1";"1";"1.375";"70";"30";"0";"0";"long";"0"
"65";"2";"1";"1";"1.375";"30";"70";"0";"0";"long";"0"
"66";"2";"1";"1";"1.375";"70";"30";"0";"0";"long";"0"
"67";"2";"1";"1";"1.375";"30";"70";"0";"0";"long";"0"
"68";"2";"1";"1";"1.375";"70";"30";"0";"0";"long";"0"
"69";"2";"1";"1";"1.375";"30";"70";"0";"0";"long";"0"
"70";"2";"1";"1";"1.375";"70";"30";"0";"0";"long";"0"
"71";"2";"1";"1";"1.375";"30";"70";"1";"0";"long";"0"
"72";"2";"1";"1";"1.375";"70";"30";"1";"0";"long";"0"
"73";"2";"1";"1";"1.375";"30";"70";"1";"0";"long";"0"
"74";"2";"1";"1";"1.375";"70";"30";"1";"0";"long";"0"
"75";"2";"1";"1";"1.375";"30";"70";"1";"0";"long";"0"
"76";"2";"1";"1";"1.375";"70";"30";"1";"0";"long";"0"
"77";"2";"1";"1";"1.375";"30";"70";"1";"0";"long";"0"
"78";"2";"1";"1";"1.375";"70";"30";"1";"0";"long";"0"
"79";"2";"1";"1";"1.375";"30";"70";"1";"0";"long";"0"
"80";"2";"1";"1";"1.375";"70";"30";"1";"0";"long";"0"
"1";"2";"2";"1";"1.375";"30";"70";"0";"0";"short";"1"
"2";"2";"2";"1";"1.375";"70";"30";"0";"0";"short";"1"
"3";"2";"2";"1";"1.375";"30";"70";"0";"0";"short";"1"
"4";"2";"2";"1";"1.375";"70";"30";"0";"0";"short";"1"
"5";"2";"2";"1";"1.375";"30";"70";"0";"0";"short";"1"
"6";"2";"2";"1";"1.375";"70";"30";"0";"0";"short";"1"
"7";"2";"2";"1";"1.375";"30";"70";"0";"0";"short";"1"
"8";"2";"2";"1";"1.375";"70";"30";"0";"0";"short";"1"
"9";"2";"2";"1";"1.375";"30";"70";"0";"0";"short";"1"
"10";"2";"2";"1";"1.375";"70";"30";"0";"0";"short";"1"
"11";"2";"2";"1";"1.375";"30";"70";"1";"0";"short";"1"
"12";"2";"2";"1";"1.375";"70";"30";"1";"0";"short";"1"
"13";"2";"2";"1";"1.375";"30";"70";"1";"0";"short";"1"
"14";"2";"2";"1";"1.375";"70";"30";"1";"0";"short";"1"
"15";"2";"2";"1";"1.375";"30";"70";"1";"0";"short";"1"
"16";"2";"2";"1";"1.375";"70";"30";"1";"0";"short";"1"
"17";"2";"2";"1";"1.375";"30";"70";"1";"0";"short";"1"
"18";"2";"2";"1";"1.375";"70";"30";"1";"0";"short";"1"
"19";"2";"2";"1";"1.375";"30";"70";"1";"0";"short";"1"
"20";"2";"2";"1";"1.375";"70";"30";"1";"0";"short";"1"
"21";"2";"2";"1";"1.375";"30";"70";"0";"0";"short";"0"
"22";"2";"2";"1";"1.375";"70";"30";"0";"0";"short";"0"
"23";"2";"2";"1";"1.375";"30";"70";"0";"0";"short";"0"
"24";"2";"2";"1";"1.375";"70";"30";"0";"0";"short";"0"
"25";"2";"2";"1";"1.375";"30";"70";"0";"0";"short";"0"
"26";"2";"2";"1";"1.375";"70";"30";"0";"0";"short";"0"
"27";"2";"2";"1";"1.375";"30";"70";"0";"0";"short";"0"
"28";"2";"2";"1";"1.375";"70";"30";"0";"0";"short";"0"
"29";"2";"2";"1";"1.375";"30";"70";"0";"0";"short";"0"
"30";"2";"2";"1";"1.375";"70";"30";"0";"0";"short";"0"
"31";"2";"2";"1";"1.375";"30";"70";"1";"0";"short";"0"
"32";"2";"2";"1";"1.375";"70";"30";"1";"0";"short";"0"
"33";"2";"2";"1";"1.375";"30";"70";"1";"0";"short";"0"
"34";"2";"2";"1";"1.375";"70";"30";"1";"0";"short";"0"
"35";"2";"2";"1";"1.375";"30";"70";"1";"0";"short";"0"
"36";"2";"2";"1";"1.375";"70";"30";"1";"0";"short";"0"
"37";"2";"2";"1";"1.375";"30";"70";"1";"0";"short";"0"
"38";"2";"2";"1";"1.375";"70";"30";"1";"0";"short";"0"
"39";"2";"2";"1";"1.375";"30";"70";"1";"0";"short";"0"
"40";"2";"2";"1";"1.375";"70";"30";"1";"0";"short";"0"
"41";"2";"2";"1";"1.375";"30";"70";"0";"0";"short";"0"
"42";"2";"2";"1";"1.375";"70";"30";"0";"0";"short";"0"
"43";"2";"2";"1";"1.375";"30";"70";"0";"0";"short";"0"
"44";"2";"2";"1";"1.375";"70";"30";"0";"0";"short";"0"
"45";"2";"2";"1";"1.375";"30";"70";"0";"0";"short";"0"
"46";"2";"2";"1";"1.375";"70";"30";"0";"0";"short";"0"
"47";"2";"2";"1";"1.375";"30";"70";"0";"0";"short";"0"
"48";"2";"2";"1";"1.375";"70";"30";"0";"0";"short";"0"
"49";"2";"2";"1";"1.375";"30";"70";"0";"0";"short";"0"
"50";"2";"2";"1";"1.375";"70";"30";"0";"0";"short";"0"
"51";"2";"2";"1";"1.375";"30";"70";"1";"0";"short";"0"
"52";"2";"2";"1";"1.375";"70";"30";"1";"0";"short";"0"
"53";"2";"2";"1";"1.375";"30";"70";"1";"0";"short";"0"
"54";"2";"2";"1";"1.375";"70";"30";"1";"0";"short";"0"
"55";"2";"2";"1";"1.375";"30";"70";"1";"0";"short";"0"
"56";"2";"2";"1";"1.375";"70";"30";"1";"0";"short";"0"
"57";"2";"2";"1";"1.375";"30";"70";"1";"0";"short";"0"
"58";"2";"2";"1";"1.375";"70";"30";"1";"0";"short";"0"
"59";"2";"2";"1";"1.375";"30";"70";"1";"0";"short";"0"
"60";"2";"2";"1";"1.375";"70";"30";"1";"0";"short";"0"
"61";"2";"2";"1";"1.375";"30";"70";"0";"0";"short";"0"
"62";"2";"2";"1";"1.375";"70";"30";"0";"0";"short";"0"
"63";"2";"2";"1";"1.375";"30";"70";"0";"0";"short";"0"
"64";"2";"2";"1";"1.375";"70";"30";"0";"0";"short";"0"
"65";"2";"2";"1";"1.375";"30";"70";"0";"0";"short";"0"
"66";"2";"2";"1";"1.375";"70";"30";"0";"0";"short";"0"
"67";"2";"2";"1";"1.375";"30";"70";"0";"0";"short";"0"
"68";"2";"2";"1";"1.375";"70";"30";"0";"0";"short";"0"
"69";"2";"2";"1";"1.375";"30";"70";"0";"0";"short";"0"
"70";"2";"2";"1";"1.375";"70";"30";"0";"0";"short";"0"
"71";"2";"2";"1";"1.375";"30";"70";"1";"0";"short";"0"
"72";"2";"2";"1";"1.375";"70";"30";"1";"0";"short";"0"
"73";"2";"2";"1";"1.375";"30";"70";"1";"0";"short";"0"
"74";"2";"2";"1";"1.375";"70";"30";"1";"0";"short";"0"
"75";"2";"2";"1";"1.375";"30";"70";"1";"0";"short";"0"
"76";"2";"2";"1";"1.375";"70";"30";"1";"0";"short";"0"
"77";"2";"2";"1";"1.375";"30";"70";"1";"0";"short";"0"
"78";"2";"2";"1";"1.375";"70";"30";"1";"0";"short";"0"
"79";"2";"2";"1";"1.375";"30";"70";"1";"0";"short";"0"
"80";"2";"2";"1";"1.375";"70";"30";"1";"0";"short";"0"
"1";"3";"1";"-1";"1.375";"30";"70";"0";"0";"long";"1"
"2";"3";"1";"-1";"1.375";"70";"30";"0";"0";"long";"1"
"3";"3";"1";"-1";"1.375";"30";"70";"0";"0";"long";"1"
"4";"3";"1";"-1";"1.375";"70";"30";"0";"0";"long";"1"
"5";"3";"1";"-1";"1.375";"30";"70";"0";"0";"long";"1"
"6";"3";"1";"-1";"1.375";"70";"30";"0";"0";"long";"1"
"7";"3";"1";"-1";"1.375";"30";"70";"0";"0";"long";"1"
"8";"3";"1";"-1";"1.375";"70";"30";"0";"0";"long";"1"
"9";"3";"1";"-1";"1.375";"30";"70";"0";"0";"long";"1"
"10";"3";"1";"-1";"1.375";"70";"30";"0";"0";"long";"1"
"11";"3";"1";"-1";"1.375";"30";"70";"1";"0";"long";"1"
"12";"3";"1";"-1";"1.375";"70";"30";"1";"0";"long";"1"
"13";"3";"1";"-1";"1.375";"30";"70";"1";"0";"long";"1"
"14";"3";"1";"-1";"1.375";"70";"30";"1";"0";"long";"1"
"15";"3";"1";"-1";"1.375";"30";"70";"1";"0";"long";"1"
"16";"3";"1";"-1";"1.375";"70";"30";"1";"0";"long";"1"
"17";"3";"1";"-1";"1.375";"30";"70";"1";"0";"long";"1"
"18";"3";"1";"-1";"1.375";"70";"30";"1";"0";"long";"1"
"19";"3";"1";"-1";"1.375";"30";"70";"1";"0";"long";"1"
"20";"3";"1";"-1";"1.375";"70";"30";"1";"0";"long";"1"
"21";"3";"1";"-1";"1.375";"30";"70";"0";"0";"long";"0"
"22";"3";"1";"-1";"1.375";"70";"30";"0";"0";"long";"0"
"23";"3";"1";"-1";"1.375";"30";"70";"0";"0";"long";"0"
"24";"3";"1";"-1";"1.375";"70";"30";"0";"0";"long";"0"
"25";"3";"1";"-1";"1.375";"30";"70";"0";"0";"long";"0"
"26";"3";"1";"-1";"1.375";"70";"30";"0";"0";"long";"0"
"27";"3";"1";"-1";"1.375";"30";"70";"0";"0";"long";"0"
"28";"3";"1";"-1";"1.375";"70";"30";"0";"0";"long";"0"
"29";"3";"1";"-1";"1.375";"30";"70";"0";"0";"long";"0"
"30";"3";"1";"-1";"1.375";"70";"30";"0";"0";"long";"0"
"31";"3";"1";"-1";"1.375";"30";"70";"1";"0";"long";"0"
"32";"3";"1";"-1";"1.375";"70";"30";"1";"0";"long";"0"
"33";"3";"1";"-1";"1.375";"30";"70";"1";"0";"long";"0"
"34";"3";"1";"-1";"1.375";"70";"30";"1";"0";"long";"0"
"35";"3";"1";"-1";"1.375";"30";"70";"1";"0";"long";"0"
"36";"3";"1";"-1";"1.375";"70";"30";"1";"0";"long";"0"
"37";"3";"1";"-1";"1.375";"30";"70";"1";"0";"long";"0"
"38";"3";"1";"-1";"1.375";"70";"30";"1";"0";"long";"0"
"39";"3";"1";"-1";"1.375";"30";"70";"1";"0";"long";"0"
"40";"3";"1";"-1";"1.375";"70";"30";"1";"0";"long";"0"
"41";"3";"1";"-1";"1.375";"30";"70";"0";"0";"long";"0"
"42";"3";"1";"-1";"1.375";"70";"30";"0";"0";"long";"0"
"43";"3";"1";"-1";"1.375";"30";"70";"0";"0";"long";"0"
"44";"3";"1";"-1";"1.375";"70";"30";"0";"0";"long";"0"
"45";"3";"1";"-1";"1.375";"30";"70";"0";"0";"long";"0"
"46";"3";"1";"-1";"1.375";"70";"30";"0";"0";"long";"0"
"47";"3";"1";"-1";"1.375";"30";"70";"0";"0";"long";"0"
"48";"3";"1";"-1";"1.375";"70";"30";"0";"0";"long";"0"
"49";"3";"1";"-1";"1.375";"30";"70";"0";"0";"long";"0"
"50";"3";"1";"-1";"1.375";"70";"30";"0";"0";"long";"0"
"51";"3";"1";"-1";"1.375";"30";"70";"1";"0";"long";"0"
"52";"3";"1";"-1";"1.375";"70";"30";"1";"0";"long";"0"
"53";"3";"1";"-1";"1.375";"30";"70";"1";"0";"long";"0"
"54";"3";"1";"-1";"1.375";"70";"30";"1";"0";"long";"0"
"55";"3";"1";"-1";"1.375";"30";"70";"1";"0";"long";"0"
"56";"3";"1";"-1";"1.375";"70";"30";"1";"0";"long";"0"
"57";"3";"1";"-1";"1.375";"30";"70";"1";"0";"long";"0"
"58";"3";"1";"-1";"1.375";"70";"30";"1";"0";"long";"0"
"59";"3";"1";"-1";"1.375";"30";"70";"1";"0";"long";"0"
"60";"3";"1";"-1";"1.375";"70";"30";"1";"0";"long";"0"
"61";"3";"1";"-1";"1.375";"30";"70";"0";"0";"long";"0"
"62";"3";"1";"-1";"1.375";"70";"30";"0";"0";"long";"0"
"63";"3";"1";"-1";"1.375";"30";"70";"0";"0";"long";"0"
"64";"3";"1";"-1";"1.375";"70";"30";"0";"0";"long";"0"
"65";"3";"1";"-1";"1.375";"30";"70";"0";"0";"long";"0"
"66";"3";"1";"-1";"1.375";"70";"30";"0";"0";"long";"0"
"67";"3";"1";"-1";"1.375";"30";"70";"0";"0";"long";"0"
"68";"3";"1";"-1";"1.375";"70";"30";"0";"0";"long";"0"
"69";"3";"1";"-1";"1.375";"30";"70";"0";"0";"long";"0"
"70";"3";"1";"-1";"1.375";"70";"30";"0";"0";"long";"0"
"71";"3";"1";"-1";"1.375";"30";"70";"1";"0";"long";"0"
"72";"3";"1";"-1";"1.375";"70";"30";"1";"0";"long";"0"
"73";"3";"1";"-1";"1.375";"30";"70";"1";"0";"long";"0"
"74";"3";"1";"-1";"1.375";"70";"30";"1";"0";"long";"0"
"75";"3";"1";"-1";"1.375";"30";"70";"1";"0";"long";"0"
"76";"3";"1";"-1";"1.375";"70";"30";"1";"0";"long";"0"
"77";"3";"1";"-1";"1.375";"30";"70";"1";"0";"long";"0"
"78";"3";"1";"-1";"1.375";"70";"30";"1";"0";"long";"0"
"79";"3";"1";"-1";"1.375";"30";"70";"1";"0";"long";"0"
"80";"3";"1";"-1";"1.375";"70";"30";"1";"0";"long";"0"
"1";"3";"2";"-1";"1.375";"30";"70";"0";"0";"short";"1"
"2";"3";"2";"-1";"1.375";"70";"30";"0";"0";"short";"1"
"3";"3";"2";"-1";"1.375";"30";"70";"0";"0";"short";"1"
"4";"3";"2";"-1";"1.375";"70";"30";"0";"0";"short";"1"
"5";"3";"2";"-1";"1.375";"30";"70";"0";"0";"short";"1"
"6";"3";"2";"-1";"1.375";"70";"30";"0";"0";"short";"1"
"7";"3";"2";"-1";"1.375";"30";"70";"0";"0";"short";"1"
"8";"3";"2";"-1";"1.375";"70";"30";"0";"0";"short";"1"
"9";"3";"2";"-1";"1.375";"30";"70";"0";"0";"short";"1"
"10";"3";"2";"-1";"1.375";"70";"30";"0";"0";"short";"1"
"11";"3";"2";"-1";"1.375";"30";"70";"1";"0";"short";"1"
"12";"3";"2";"-1";"1.375";"70";"30";"1";"0";"short";"1"
"13";"3";"2";"-1";"1.375";"30";"70";"1";"0";"short";"1"
"14";"3";"2";"-1";"1.375";"70";"30";"1";"0";"short";"1"
"15";"3";"2";"-1";"1.375";"30";"70";"1";"0";"short";"1"
"16";"3";"2";"-1";"1.375";"70";"30";"1";"0";"short";"1"
"17";"3";"2";"-1";"1.375";"30";"70";"1";"0";"short";"1"
"18";"3";"2";"-1";"1.375";"70";"30";"1";"0";"short";"1"
"19";"3";"2";"-1";"1.375";"30";"70";"1";"0";"short";"1"
"20";"3";"2";"-1";"1.375";"70";"30";"1";"0";"short";"1"
"21";"3";"2";"-1";"1.375";"30";"70";"0";"0";"short";"0"
"22";"3";"2";"-1";"1.375";"70";"30";"0";"0";"short";"0"
"23";"3";"2";"-1";"1.375";"30";"70";"0";"0";"short";"0"
"24";"3";"2";"-1";"1.375";"70";"30";"0";"0";"short";"0"
"25";"3";"2";"-1";"1.375";"30";"70";"0";"0";"short";"0"
"26";"3";"2";"-1";"1.375";"70";"30";"0";"0";"short";"0"
"27";"3";"2";"-1";"1.375";"30";"70";"0";"0";"short";"0"
"28";"3";"2";"-1";"1.375";"70";"30";"0";"0";"short";"0"
"29";"3";"2";"-1";"1.375";"30";"70";"0";"0";"short";"0"
"30";"3";"2";"-1";"1.375";"70";"30";"0";"0";"short";"0"
"31";"3";"2";"-1";"1.375";"30";"70";"1";"0";"short";"0"
"32";"3";"2";"-1";"1.375";"70";"30";"1";"0";"short";"0"
"33";"3";"2";"-1";"1.375";"30";"70";"1";"0";"short";"0"
"34";"3";"2";"-1";"1.375";"70";"30";"1";"0";"short";"0"
"35";"3";"2";"-1";"1.375";"30";"70";"1";"0";"short";"0"
"36";"3";"2";"-1";"1.375";"70";"30";"1";"0";"short";"0"
"37";"3";"2";"-1";"1.375";"30";"70";"1";"0";"short";"0"
"38";"3";"2";"-1";"1.375";"70";"30";"1";"0";"short";"0"
"39";"3";"2";"-1";"1.375";"30";"70";"1";"0";"short";"0"
"40";"3";"2";"-1";"1.375";"70";"30";"1";"0";"short";"0"
"41";"3";"2";"-1";"1.375";"30";"70";"0";"0";"short";"0"
"42";"3";"2";"-1";"1.375";"70";"30";"0";"0";"short";"0"
"43";"3";"2";"-1";"1.375";"30";"70";"0";"0";"short";"0"
"44";"3";"2";"-1";"1.375";"70";"30";"0";"0";"short";"0"
"45";"3";"2";"-1";"1.375";"30";"70";"0";"0";"short";"0"
"46";"3";"2";"-1";"1.375";"70";"30";"0";"0";"short";"0"
"47";"3";"2";"-1";"1.375";"30";"70";"0";"0";"short";"0"
"48";"3";"2";"-1";"1.375";"70";"30";"0";"0";"short";"0"
"49";"3";"2";"-1";"1.375";"30";"70";"0";"0";"short";"0"
"50";"3";"2";"-1";"1.375";"70";"30";"0";"0";"short";"0"
"51";"3";"2";"-1";"1.375";"30";"70";"1";"0";"short";"0"
"52";"3";"2";"-1";"1.375";"70";"30";"1";"0";"short";"0"
"53";"3";"2";"-1";"1.375";"30";"70";"1";"0";"short";"0"
"54";"3";"2";"-1";"1.375";"70";"30";"1";"0";"short";"0"
"55";"3";"2";"-1";"1.375";"30";"70";"1";"0";"short";"0"
"56";"3";"2";"-1";"1.375";"70";"30";"1";"0";"short";"0"
"57";"3";"2";"-1";"1.375";"30";"70";"1";"0";"short";"0"
"58";"3";"2";"-1";"1.375";"70";"30";"1";"0";"short";"0"
"59";"3";"2";"-1";"1.375";"30";"70";"1";"0";"short";"0"
"60";"3";"2";"-1";"1.375";"70";"30";"1";"0";"short";"0"
"61";"3";"2";"-1";"1.375";"30";"70";"0";"0";"short";"0"
"62";"3";"2";"-1";"1.375";"70";"30";"0";"0";"short";"0"
"63";"3";"2";"-1";"1.375";"30";"70";"0";"0";"short";"0"
"64";"3";"2";"-1";"1.375";"70";"30";"0";"0";"short";"0"
"65";"3";"2";"-1";"1.375";"30";"70";"0";"0";"short";"0"
"66";"3";"2";"-1";"1.375";"70";"30";"0";"0";"short";"0"
"67";"3";"2";"-1";"1.375";"30";"70";"0";"0";"short";"0"
"68";"3";"2";"-1";"1.375";"70";"30";"0";"0";"short";"0"
"69";"3";"2";"-1";"1.375";"30";"70";"0";"0";"short";"0"
"70";"3";"2";"-1";"1.375";"70";"30";"0";"0";"short";"0"
"71";"3";"2";"-1";"1.375";"30";"70";"1";"0";"short";"0"
"72";"3";"2";"-1";"1.375";"70";"30";"1";"0";"short";"0"
"73";"3";"2";"-1";"1.375";"30";"70";"1";"0";"short";"0"
"74";"3";"2";"-1";"1.375";"70";"30";"1";"0";"short";"0"
"75";"3";"2";"-1";"1.375";"30";"70";"1";"0";"short";"0"
"76";"3";"2";"-1";"1.375";"70";"30";"1";"0";"short";"0"
"77";"3";"2";"-1";"1.375";"30";"70";"1";"0";"short";"0"
"78";"3";"2";"-1";"1.375";"70";"30";"1";"0";"short";"0"
"79";"3";"2";"-1";"1.375";"30";"70";"1";"0";"short";"0"
"80";"3";"2";"-1";"1.375";"70";"30";"1";"0";"short";"0"
"1";"4";"1";"-1";"1.375";"30";"70";"0";"0";"long";"1"
"2";"4";"1";"-1";"1.375";"70";"30";"0";"0";"long";"1"
"3";"4";"1";"-1";"1.375";"30";"70";"0";"0";"long";"1"
"4";"4";"1";"-1";"1.375";"70";"30";"0";"0";"long";"1"
"5";"4";"1";"-1";"1.375";"30";"70";"0";"0";"long";"1"
"6";"4";"1";"-1";"1.375";"70";"30";"0";"0";"long";"1"
"7";"4";"1";"-1";"1.375";"30";"70";"0";"0";"long";"1"
"8";"4";"1";"-1";"1.375";"70";"30";"0";"0";"long";"1"
"9";"4";"1";"-1";"1.375";"30";"70";"0";"0";"long";"1"
"10";"4";"1";"-1";"1.375";"70";"30";"0";"0";"long";"1"
"11";"4";"1";"-1";"1.375";"30";"70";"1";"0";"long";"1"
"12";"4";"1";"-1";"1.375";"70";"30";"1";"0";"long";"1"
"13";"4";"1";"-1";"1.375";"30";"70";"1";"0";"long";"1"
"14";"4";"1";"-1";"1.375";"70";"30";"1";"0";"long";"1"
"15";"4";"1";"-1";"1.375";"30";"70";"1";"0";"long";"1"
"16";"4";"1";"-1";"1.375";"70";"30";"1";"0";"long";"1"
"17";"4";"1";"-1";"1.375";"30";"70";"1";"0";"long";"1"
"18";"4";"1";"-1";"1.375";"70";"30";"1";"0";"long";"1"
"19";"4";"1";"-1";"1.375";"30";"70";"1";"0";"long";"1"
"20";"4";"1";"-1";"1.375";"70";"30";"1";"0";"long";"1"
"21";"4";"1";"-1";"1.375";"30";"70";"0";"0";"long";"0"
"22";"4";"1";"-1";"1.375";"70";"30";"0";"0";"long";"0"
"23";"4";"1";"-1";"1.375";"30";"70";"0";"0";"long";"0"
"24";"4";"1";"-1";"1.375";"70";"30";"0";"0";"long";"0"
"25";"4";"1";"-1";"1.375";"30";"70";"0";"0";"long";"0"
"26";"4";"1";"-1";"1.375";"70";"30";"0";"0";"long";"0"
"27";"4";"1";"-1";"1.375";"30";"70";"0";"0";"long";"0"
"28";"4";"1";"-1";"1.375";"70";"30";"0";"0";"long";"0"
"29";"4";"1";"-1";"1.375";"30";"70";"0";"0";"long";"0"
"30";"4";"1";"-1";"1.375";"70";"30";"0";"0";"long";"0"
"31";"4";"1";"-1";"1.375";"30";"70";"1";"0";"long";"0"
"32";"4";"1";"-1";"1.375";"70";"30";"1";"0";"long";"0"
"33";"4";"1";"-1";"1.375";"30";"70";"1";"0";"long";"0"
"34";"4";"1";"-1";"1.375";"70";"30";"1";"0";"long";"0"
"35";"4";"1";"-1";"1.375";"30";"70";"1";"0";"long";"0"
"36";"4";"1";"-1";"1.375";"70";"30";"1";"0";"long";"0"
"37";"4";"1";"-1";"1.375";"30";"70";"1";"0";"long";"0"
"38";"4";"1";"-1";"1.375";"70";"30";"1";"0";"long";"0"
"39";"4";"1";"-1";"1.375";"30";"70";"1";"0";"long";"0"
"40";"4";"1";"-1";"1.375";"70";"30";"1";"0";"long";"0"
"41";"4";"1";"-1";"1.375";"30";"70";"0";"0";"long";"0"
"42";"4";"1";"-1";"1.375";"70";"30";"0";"0";"long";"0"
"43";"4";"1";"-1";"1.375";"30";"70";"0";"0";"long";"0"
"44";"4";"1";"-1";"1.375";"70";"30";"0";"0";"long";"0"
"45";"4";"1";"-1";"1.375";"30";"70";"0";"0";"long";"0"
"46";"4";"1";"-1";"1.375";"70";"30";"0";"0";"long";"0"
"47";"4";"1";"-1";"1.375";"30";"70";"0";"0";"long";"0"
"48";"4";"1";"-1";"1.375";"70";"30";"0";"0";"long";"0"
"49";"4";"1";"-1";"1.375";"30";"70";"0";"0";"long";"0"
"50";"4";"1";"-1";"1.375";"70";"30";"0";"0";"long";"0"
"51";"4";"1";"-1";"1.375";"30";"70";"1";"0";"long";"0"
"52";"4";"1";"-1";"1.375";"70";"30";"1";"0";"long";"0"
"53";"4";"1";"-1";"1.375";"30";"70";"1";"0";"long";"0"
"54";"4";"1";"-1";"1.375";"70";"30";"1";"0";"long";"0"
"55";"4";"1";"-1";"1.375";"30";"70";"1";"0";"long";"0"
"56";"4";"1";"-1";"1.375";"70";"30";"1";"0";"long";"0"
"57";"4";"1";"-1";"1.375";"30";"70";"1";"0";"long";"0"
"58";"4";"1";"-1";"1.375";"70";"30";"1";"0";"long";"0"
"59";"4";"1";"-1";"1.375";"30";"70";"1";"0";"long";"0"
"60";"4";"1";"-1";"1.375";"70";"30";"1";"0";"long";"0"
"61";"4";"1";"-1";"1.375";"30";"70";"0";"0";"long";"0"
"62";"4";"1";"-1";"1.375";"70";"30";"0";"0";"long";"0"
"63";"4";"1";"-1";"1.375";"30";"70";"0";"0";"long";"0"
"64";"4";"1";"-1";"1.375";"70";"30";"0";"0";"long";"0"
"65";"4";"1";"-1";"1.375";"30";"70";"0";"0";"long";"0"
"66";"4";"1";"-1";"1.375";"70";"30";"0";"0";"long";"0"
"67";"4";"1";"-1";"1.375";"30";"70";"0";"0";"long";"0"
"68";"4";"1";"-1";"1.375";"70";"30";"0";"0";"long";"0"
"69";"4";"1";"-1";"1.375";"30";"70";"0";"0";"long";"0"
"70";"4";"1";"-1";"1.375";"70";"30";"0";"0";"long";"0"
"71";"4";"1";"-1";"1.375";"30";"70";"1";"0";"long";"0"
"72";"4";"1";"-1";"1.375";"70";"30";"1";"0";"long";"0"
"73";"4";"1";"-1";"1.375";"30";"70";"1";"0";"long";"0"
"74";"4";"1";"-1";"1.375";"70";"30";"1";"0";"long";"0"
"75";"4";"1";"-1";"1.375";"30";"70";"1";"0";"long";"0"
"76";"4";"1";"-1";"1.375";"70";"30";"1";"0";"long";"0"
"77";"4";"1";"-1";"1.375";"30";"70";"1";"0";"long";"0"
"78";"4";"1";"-1";"1.375";"70";"30";"1";"0";"long";"0"
"79";"4";"1";"-1";"1.375";"30";"70";"1";"0";"long";"0"
"80";"4";"1";"-1";"1.375";"70";"30";"1";"0";"long";"0"
"1";"4";"2";"-1";"1.375";"30";"70";"0";"0";"short";"1"
"2";"4";"2";"-1";"1.375";"70";"30";"0";"0";"short";"1"
"3";"4";"2";"-1";"1.375";"30";"70";"0";"0";"short";"1"
"4";"4";"2";"-1";"1.375";"70";"30";"0";"0";"short";"1"
"5";"4";"2";"-1";"1.375";"30";"70";"0";"0";"short";"1"
"6";"4";"2";"-1";"1.375";"70";"30";"0";"0";"short";"1"
"7";"4";"2";"-1";"1.375";"30";"70";"0";"0";"short";"1"
"8";"4";"2";"-1";"1.375";"70";"30";"0";"0";"short";"1"
"9";"4";"2";"-1";"1.375";"30";"70";"0";"0";"short";"1"
"10";"4";"2";"-1";"1.375";"70";"30";"0";"0";"short";"1"
"11";"4";"2";"-1";"1.375";"30";"70";"1";"0";"short";"1"
"12";"4";"2";"-1";"1.375";"70";"30";"1";"0";"short";"1"
"13";"4";"2";"-1";"1.375";"30";"70";"1";"0";"short";"1"
"14";"4";"2";"-1";"1.375";"70";"30";"1";"0";"short";"1"
"15";"4";"2";"-1";"1.375";"30";"70";"1";"0";"short";"1"
"16";"4";"2";"-1";"1.375";"70";"30";"1";"0";"short";"1"
"17";"4";"2";"-1";"1.375";"30";"70";"1";"0";"short";"1"
"18";"4";"2";"-1";"1.375";"70";"30";"1";"0";"short";"1"
"19";"4";"2";"-1";"1.375";"30";"70";"1";"0";"short";"1"
"20";"4";"2";"-1";"1.375";"70";"30";"1";"0";"short";"1"
"21";"4";"2";"-1";"1.375";"30";"70";"0";"0";"short";"0"
"22";"4";"2";"-1";"1.375";"70";"30";"0";"0";"short";"0"
"23";"4";"2";"-1";"1.375";"30";"70";"0";"0";"short";"0"
"24";"4";"2";"-1";"1.375";"70";"30";"0";"0";"short";"0"
"25";"4";"2";"-1";"1.375";"30";"70";"0";"0";"short";"0"
"26";"4";"2";"-1";"1.375";"70";"30";"0";"0";"short";"0"
"27";"4";"2";"-1";"1.375";"30";"70";"0";"0";"short";"0"
"28";"4";"2";"-1";"1.375";"70";"30";"0";"0";"short";"0"
"29";"4";"2";"-1";"1.375";"30";"70";"0";"0";"short";"0"
"30";"4";"2";"-1";"1.375";"70";"30";"0";"0";"short";"0"
"31";"4";"2";"-1";"1.375";"30";"70";"1";"0";"short";"0"
"32";"4";"2";"-1";"1.375";"70";"30";"1";"0";"short";"0"
"33";"4";"2";"-1";"1.375";"30";"70";"1";"0";"short";"0"
"34";"4";"2";"-1";"1.375";"70";"30";"1";"0";"short";"0"
"35";"4";"2";"-1";"1.375";"30";"70";"1";"0";"short";"0"
"36";"4";"2";"-1";"1.375";"70";"30";"1";"0";"short";"0"
"37";"4";"2";"-1";"1.375";"30";"70";"1";"0";"short";"0"
"38";"4";"2";"-1";"1.375";"70";"30";"1";"0";"short";"0"
"39";"4";"2";"-1";"1.375";"30";"70";"1";"0";"short";"0"
"40";"4";"2";"-1";"1.375";"70";"30";"1";"0";"short";"0"
"41";"4";"2";"-1";"1.375";"30";"70";"0";"0";"short";"0"
"42";"4";"2";"-1";"1.375";"70";"30";"0";"0";"short";"0"
"43";"4";"2";"-1";"1.375";"30";"70";"0";"0";"short";"0"
"44";"4";"2";"-1";"1.375";"70";"30";"0";"0";"short";"0"
"45";"4";"2";"-1";"1.375";"30";"70";"0";"0";"short";"0"
"46";"4";"2";"-1";"1.375";"70";"30";"0";"0";"short";"0"
"47";"4";"2";"-1";"1.375";"30";"70";"0";"0";"short";"0"
"48";"4";"2";"-1";"1.375";"70";"30";"0";"0";"short";"0"
"49";"4";"2";"-1";"1.375";"30";"70";"0";"0";"short";"0"
"50";"4";"2";"-1";"1.375";"70";"30";"0";"0";"short";"0"
"51";"4";"2";"-1";"1.375";"30";"70";"1";"0";"short";"0"
"52";"4";"2";"-1";"1.375";"70";"30";"1";"0";"short";"0"
"53";"4";"2";"-1";"1.375";"30";"70";"1";"0";"short";"0"
"54";"4";"2";"-1";"1.375";"70";"30";"1";"0";"short";"0"
"55";"4";"2";"-1";"1.375";"30";"70";"1";"0";"short";"0"
"56";"4";"2";"-1";"1.375";"70";"30";"1";"0";"short";"0"
"57";"4";"2";"-1";"1.375";"30";"70";"1";"0";"short";"0"
"58";"4";"2";"-1";"1.375";"70";"30";"1";"0";"short";"0"
"59";"4";"2";"-1";"1.375";"30";"70";"1";"0";"short";"0"
"60";"4";"2";"-1";"1.375";"70";"30";"1";"0";"short";"0"
"61";"4";"2";"-1";"1.375";"30";"70";"0";"0";"short";"0"
"62";"4";"2";"-1";"1.375";"70";"30";"0";"0";"short";"0"
"63";"4";"2";"-1";"1.375";"30";"70";"0";"0";"short";"0"
"64";"4";"2";"-1";"1.375";"70";"30";"0";"0";"short";"0"
"65";"4";"2";"-1";"1.375";"30";"70";"0";"0";"short";"0"
"66";"4";"2";"-1";"1.375";"70";"30";"0";"0";"short";"0"
"67";"4";"2";"-1";"1.375";"30";"70";"0";"0";"short";"0"
"68";"4";"2";"-1";"1.375";"70";"30";"0";"0";"short";"0"
"69";"4";"2";"-1";"1.375";"30";"70";"0";"0";"short";"0"
"70";"4";"2";"-1";"1.375";"70";"30";"0";"0";"short";"0"
"71";"4";"2";"-1";"1.375";"30";"70";"1";"0";"short";"0"
"72";"4";"2";"-1";"1.375";"70";"30";"1";"0";"short";"0"
"73";"4";"2";"-1";"1.375";"30";"70";"1";"0";"short";"0"
"74";"4";"2";"-1";"1.375";"70";"30";"1";"0";"short";"0"
"75";"4";"2";"-1";"1.375";"30";"70";"1";"0";"short";"0"
"76";"4";"2";"-1";"1.375";"70";"30";"1";"0";"short";"0"
"77";"4";"2";"-1";"1.375";"30";"70";"1";"0";"short";"0"
"78";"4";"2";"-1";"1.375";"70";"30";"1";"0";"short";"0"
"79";"4";"2";"-1";"1.375";"30";"70";"1";"0";"short";"0"
"80";"4";"2";"-1";"1.375";"70";"30";"1";"0";"short";"0"
